<metadata__catalog__entry>
  <version>5.2.0.0</version>
  <types class="tree-map">
    <entry>
      <org.mule.common.metadata.DefaultMetaDataKey>
        <id>org.mule.modules.slack.client.model.chat.MessageResponse</id>
        <displayName>org.mule.modules.slack.client.model.chat.MessageResponse</displayName>
        <category>DEFAULT</category>
        <metaDataKeyPropertiesManager>
          <properties>
            <org.mule.common.metadata.key.property.dsql.DsqlFromMetaDataKeyProperty/>
          </properties>
        </metaDataKeyPropertiesManager>
      </org.mule.common.metadata.DefaultMetaDataKey>
      <null/>
    </entry>
  </types>
  <connectorName>Slack__Token_Configuration</connectorName>
</metadata__catalog__entry>