<custom__type__definition>
  <version>5.2.0.0</version>
  <typeName class="org.mule.common.metadata.DefaultMetaDataKey">
    <id>apiAiProductResponse</id>
    <displayName>apiAiProductResponse</displayName>
    <category>DEFAULT</category>
    <metaDataKeyPropertiesManager>
      <properties>
        <org.mule.common.metadata.key.property.dsql.DsqlFromMetaDataKeyProperty/>
      </properties>
    </metaDataKeyPropertiesManager>
  </typeName>
  <metadataModel class="org.mule.common.metadata.DefaultStructuredMetadataModel">
    <dataType>JSON</dataType>
    <metaDataModelPropertiesManager>
      <properties>
        <org.mule.common.metadata.property.TextBasedExampleMetaDataModelProperty>
          <exampleContent>/Users/fernandomelone/Downloads/apiAiProductResponse.json</exampleContent>
        </org.mule.common.metadata.property.TextBasedExampleMetaDataModelProperty>
        <org.mule.tooling.metadata.properties.DefinitionEditorModeType>
          <mode>EXAMPLE</mode>
          <path>/Users/fernandomelone/Downloads/apiAiProductResponse.json</path>
        </org.mule.tooling.metadata.properties.DefinitionEditorModeType>
      </properties>
    </metaDataModelPropertiesManager>
    <fields>
      <org.mule.common.metadata.DefaultMetaDataField>
        <name>id</name>
        <model class="org.mule.common.metadata.DefaultSimpleMetaDataModel">
          <dataType>STRING</dataType>
          <metaDataModelPropertiesManager>
            <properties/>
          </metaDataModelPropertiesManager>
        </model>
        <accessType>READ_WRITE</accessType>
        <metaDataFieldPropertyManager>
          <properties>
            <org.mule.common.metadata.field.property.dsql.DsqlSelectMetaDataFieldProperty/>
            <org.mule.common.metadata.field.property.dsql.DsqlWhereMetaDataFieldProperty/>
            <org.mule.common.metadata.field.property.dsql.DsqlOrderMetaDataFieldProperty/>
            <org.mule.common.metadata.field.property.dsql.DsqlQueryOperatorsMetaDataFieldProperty>
              <supportedOperators>
                <org.mule.common.query.expression.LessOperator/>
                <org.mule.common.query.expression.LessOrEqualsOperator/>
                <org.mule.common.query.expression.EqualsOperator/>
                <org.mule.common.query.expression.GreaterOperator/>
                <org.mule.common.query.expression.GreaterOrEqualsOperator/>
                <org.mule.common.query.expression.NotEqualsOperator/>
                <org.mule.common.query.expression.LikeOperator/>
              </supportedOperators>
            </org.mule.common.metadata.field.property.dsql.DsqlQueryOperatorsMetaDataFieldProperty>
          </properties>
        </metaDataFieldPropertyManager>
      </org.mule.common.metadata.DefaultMetaDataField>
      <org.mule.common.metadata.DefaultMetaDataField>
        <name>timestamp</name>
        <model class="org.mule.common.metadata.DefaultSimpleMetaDataModel">
          <dataType>STRING</dataType>
          <metaDataModelPropertiesManager>
            <properties/>
          </metaDataModelPropertiesManager>
        </model>
        <accessType>READ_WRITE</accessType>
        <metaDataFieldPropertyManager>
          <properties>
            <org.mule.common.metadata.field.property.dsql.DsqlSelectMetaDataFieldProperty/>
            <org.mule.common.metadata.field.property.dsql.DsqlWhereMetaDataFieldProperty/>
            <org.mule.common.metadata.field.property.dsql.DsqlOrderMetaDataFieldProperty/>
            <org.mule.common.metadata.field.property.dsql.DsqlQueryOperatorsMetaDataFieldProperty>
              <supportedOperators>
                <org.mule.common.query.expression.LessOperator/>
                <org.mule.common.query.expression.LessOrEqualsOperator/>
                <org.mule.common.query.expression.EqualsOperator/>
                <org.mule.common.query.expression.GreaterOperator/>
                <org.mule.common.query.expression.GreaterOrEqualsOperator/>
                <org.mule.common.query.expression.NotEqualsOperator/>
                <org.mule.common.query.expression.LikeOperator/>
              </supportedOperators>
            </org.mule.common.metadata.field.property.dsql.DsqlQueryOperatorsMetaDataFieldProperty>
          </properties>
        </metaDataFieldPropertyManager>
      </org.mule.common.metadata.DefaultMetaDataField>
      <org.mule.common.metadata.DefaultMetaDataField>
        <name>lang</name>
        <model class="org.mule.common.metadata.DefaultSimpleMetaDataModel">
          <dataType>STRING</dataType>
          <metaDataModelPropertiesManager>
            <properties/>
          </metaDataModelPropertiesManager>
        </model>
        <accessType>READ_WRITE</accessType>
        <metaDataFieldPropertyManager>
          <properties>
            <org.mule.common.metadata.field.property.dsql.DsqlSelectMetaDataFieldProperty/>
            <org.mule.common.metadata.field.property.dsql.DsqlWhereMetaDataFieldProperty/>
            <org.mule.common.metadata.field.property.dsql.DsqlOrderMetaDataFieldProperty/>
            <org.mule.common.metadata.field.property.dsql.DsqlQueryOperatorsMetaDataFieldProperty>
              <supportedOperators>
                <org.mule.common.query.expression.LessOperator/>
                <org.mule.common.query.expression.LessOrEqualsOperator/>
                <org.mule.common.query.expression.EqualsOperator/>
                <org.mule.common.query.expression.GreaterOperator/>
                <org.mule.common.query.expression.GreaterOrEqualsOperator/>
                <org.mule.common.query.expression.NotEqualsOperator/>
                <org.mule.common.query.expression.LikeOperator/>
              </supportedOperators>
            </org.mule.common.metadata.field.property.dsql.DsqlQueryOperatorsMetaDataFieldProperty>
          </properties>
        </metaDataFieldPropertyManager>
      </org.mule.common.metadata.DefaultMetaDataField>
      <org.mule.common.metadata.DefaultMetaDataField>
        <name>result</name>
        <model class="org.mule.common.metadata.DefaultStructuredMetadataModel">
          <dataType>JSON</dataType>
          <metaDataModelPropertiesManager>
            <properties/>
          </metaDataModelPropertiesManager>
          <fields>
            <org.mule.common.metadata.DefaultMetaDataField>
              <name>source</name>
              <model class="org.mule.common.metadata.DefaultSimpleMetaDataModel">
                <dataType>STRING</dataType>
                <metaDataModelPropertiesManager>
                  <properties/>
                </metaDataModelPropertiesManager>
              </model>
              <accessType>READ_WRITE</accessType>
              <metaDataFieldPropertyManager>
                <properties>
                  <org.mule.common.metadata.field.property.dsql.DsqlSelectMetaDataFieldProperty/>
                  <org.mule.common.metadata.field.property.dsql.DsqlWhereMetaDataFieldProperty/>
                  <org.mule.common.metadata.field.property.dsql.DsqlOrderMetaDataFieldProperty/>
                  <org.mule.common.metadata.field.property.dsql.DsqlQueryOperatorsMetaDataFieldProperty>
                    <supportedOperators>
                      <org.mule.common.query.expression.LessOperator/>
                      <org.mule.common.query.expression.LessOrEqualsOperator/>
                      <org.mule.common.query.expression.EqualsOperator/>
                      <org.mule.common.query.expression.GreaterOperator/>
                      <org.mule.common.query.expression.GreaterOrEqualsOperator/>
                      <org.mule.common.query.expression.NotEqualsOperator/>
                      <org.mule.common.query.expression.LikeOperator/>
                    </supportedOperators>
                  </org.mule.common.metadata.field.property.dsql.DsqlQueryOperatorsMetaDataFieldProperty>
                </properties>
              </metaDataFieldPropertyManager>
            </org.mule.common.metadata.DefaultMetaDataField>
            <org.mule.common.metadata.DefaultMetaDataField>
              <name>resolvedQuery</name>
              <model class="org.mule.common.metadata.DefaultSimpleMetaDataModel">
                <dataType>STRING</dataType>
                <metaDataModelPropertiesManager>
                  <properties/>
                </metaDataModelPropertiesManager>
              </model>
              <accessType>READ_WRITE</accessType>
              <metaDataFieldPropertyManager>
                <properties>
                  <org.mule.common.metadata.field.property.dsql.DsqlSelectMetaDataFieldProperty/>
                  <org.mule.common.metadata.field.property.dsql.DsqlWhereMetaDataFieldProperty/>
                  <org.mule.common.metadata.field.property.dsql.DsqlOrderMetaDataFieldProperty/>
                  <org.mule.common.metadata.field.property.dsql.DsqlQueryOperatorsMetaDataFieldProperty>
                    <supportedOperators>
                      <org.mule.common.query.expression.LessOperator/>
                      <org.mule.common.query.expression.LessOrEqualsOperator/>
                      <org.mule.common.query.expression.EqualsOperator/>
                      <org.mule.common.query.expression.GreaterOperator/>
                      <org.mule.common.query.expression.GreaterOrEqualsOperator/>
                      <org.mule.common.query.expression.NotEqualsOperator/>
                      <org.mule.common.query.expression.LikeOperator/>
                    </supportedOperators>
                  </org.mule.common.metadata.field.property.dsql.DsqlQueryOperatorsMetaDataFieldProperty>
                </properties>
              </metaDataFieldPropertyManager>
            </org.mule.common.metadata.DefaultMetaDataField>
            <org.mule.common.metadata.DefaultMetaDataField>
              <name>action</name>
              <model class="org.mule.common.metadata.DefaultSimpleMetaDataModel">
                <dataType>STRING</dataType>
                <metaDataModelPropertiesManager>
                  <properties/>
                </metaDataModelPropertiesManager>
              </model>
              <accessType>READ_WRITE</accessType>
              <metaDataFieldPropertyManager>
                <properties>
                  <org.mule.common.metadata.field.property.dsql.DsqlSelectMetaDataFieldProperty/>
                  <org.mule.common.metadata.field.property.dsql.DsqlWhereMetaDataFieldProperty/>
                  <org.mule.common.metadata.field.property.dsql.DsqlOrderMetaDataFieldProperty/>
                  <org.mule.common.metadata.field.property.dsql.DsqlQueryOperatorsMetaDataFieldProperty>
                    <supportedOperators>
                      <org.mule.common.query.expression.LessOperator/>
                      <org.mule.common.query.expression.LessOrEqualsOperator/>
                      <org.mule.common.query.expression.EqualsOperator/>
                      <org.mule.common.query.expression.GreaterOperator/>
                      <org.mule.common.query.expression.GreaterOrEqualsOperator/>
                      <org.mule.common.query.expression.NotEqualsOperator/>
                      <org.mule.common.query.expression.LikeOperator/>
                    </supportedOperators>
                  </org.mule.common.metadata.field.property.dsql.DsqlQueryOperatorsMetaDataFieldProperty>
                </properties>
              </metaDataFieldPropertyManager>
            </org.mule.common.metadata.DefaultMetaDataField>
            <org.mule.common.metadata.DefaultMetaDataField>
              <name>actionIncomplete</name>
              <model class="org.mule.common.metadata.DefaultSimpleMetaDataModel">
                <dataType>BOOLEAN</dataType>
                <metaDataModelPropertiesManager>
                  <properties/>
                </metaDataModelPropertiesManager>
              </model>
              <accessType>READ_WRITE</accessType>
              <metaDataFieldPropertyManager>
                <properties>
                  <org.mule.common.metadata.field.property.dsql.DsqlSelectMetaDataFieldProperty/>
                  <org.mule.common.metadata.field.property.dsql.DsqlWhereMetaDataFieldProperty/>
                  <org.mule.common.metadata.field.property.dsql.DsqlOrderMetaDataFieldProperty/>
                  <org.mule.common.metadata.field.property.dsql.DsqlQueryOperatorsMetaDataFieldProperty>
                    <supportedOperators class="java.util.Arrays$ArrayList">
                      <a class="org.mule.common.query.expression.Operator-array">
                        <org.mule.common.query.expression.EqualsOperator/>
                        <org.mule.common.query.expression.NotEqualsOperator/>
                      </a>
                    </supportedOperators>
                  </org.mule.common.metadata.field.property.dsql.DsqlQueryOperatorsMetaDataFieldProperty>
                </properties>
              </metaDataFieldPropertyManager>
            </org.mule.common.metadata.DefaultMetaDataField>
            <org.mule.common.metadata.DefaultMetaDataField>
              <name>parameters</name>
              <model class="org.mule.common.metadata.DefaultStructuredMetadataModel">
                <dataType>JSON</dataType>
                <metaDataModelPropertiesManager>
                  <properties/>
                </metaDataModelPropertiesManager>
                <fields>
                  <org.mule.common.metadata.DefaultMetaDataField>
                    <name>address</name>
                    <model class="org.mule.common.metadata.DefaultSimpleMetaDataModel">
                      <dataType>STRING</dataType>
                      <metaDataModelPropertiesManager>
                        <properties/>
                      </metaDataModelPropertiesManager>
                    </model>
                    <accessType>READ_WRITE</accessType>
                    <metaDataFieldPropertyManager>
                      <properties>
                        <org.mule.common.metadata.field.property.dsql.DsqlSelectMetaDataFieldProperty/>
                        <org.mule.common.metadata.field.property.dsql.DsqlWhereMetaDataFieldProperty/>
                        <org.mule.common.metadata.field.property.dsql.DsqlOrderMetaDataFieldProperty/>
                        <org.mule.common.metadata.field.property.dsql.DsqlQueryOperatorsMetaDataFieldProperty>
                          <supportedOperators>
                            <org.mule.common.query.expression.LessOperator/>
                            <org.mule.common.query.expression.LessOrEqualsOperator/>
                            <org.mule.common.query.expression.EqualsOperator/>
                            <org.mule.common.query.expression.GreaterOperator/>
                            <org.mule.common.query.expression.GreaterOrEqualsOperator/>
                            <org.mule.common.query.expression.NotEqualsOperator/>
                            <org.mule.common.query.expression.LikeOperator/>
                          </supportedOperators>
                        </org.mule.common.metadata.field.property.dsql.DsqlQueryOperatorsMetaDataFieldProperty>
                      </properties>
                    </metaDataFieldPropertyManager>
                  </org.mule.common.metadata.DefaultMetaDataField>
                  <org.mule.common.metadata.DefaultMetaDataField>
                    <name>date-period</name>
                    <model class="org.mule.common.metadata.DefaultSimpleMetaDataModel">
                      <dataType>STRING</dataType>
                      <metaDataModelPropertiesManager>
                        <properties/>
                      </metaDataModelPropertiesManager>
                    </model>
                    <accessType>READ_WRITE</accessType>
                    <metaDataFieldPropertyManager>
                      <properties>
                        <org.mule.common.metadata.field.property.dsql.DsqlSelectMetaDataFieldProperty/>
                        <org.mule.common.metadata.field.property.dsql.DsqlWhereMetaDataFieldProperty/>
                        <org.mule.common.metadata.field.property.dsql.DsqlOrderMetaDataFieldProperty/>
                        <org.mule.common.metadata.field.property.dsql.DsqlQueryOperatorsMetaDataFieldProperty>
                          <supportedOperators>
                            <org.mule.common.query.expression.LessOperator/>
                            <org.mule.common.query.expression.LessOrEqualsOperator/>
                            <org.mule.common.query.expression.EqualsOperator/>
                            <org.mule.common.query.expression.GreaterOperator/>
                            <org.mule.common.query.expression.GreaterOrEqualsOperator/>
                            <org.mule.common.query.expression.NotEqualsOperator/>
                            <org.mule.common.query.expression.LikeOperator/>
                          </supportedOperators>
                        </org.mule.common.metadata.field.property.dsql.DsqlQueryOperatorsMetaDataFieldProperty>
                      </properties>
                    </metaDataFieldPropertyManager>
                  </org.mule.common.metadata.DefaultMetaDataField>
                  <org.mule.common.metadata.DefaultMetaDataField>
                    <name>time</name>
                    <model class="org.mule.common.metadata.DefaultSimpleMetaDataModel">
                      <dataType>STRING</dataType>
                      <metaDataModelPropertiesManager>
                        <properties/>
                      </metaDataModelPropertiesManager>
                    </model>
                    <accessType>READ_WRITE</accessType>
                    <metaDataFieldPropertyManager>
                      <properties>
                        <org.mule.common.metadata.field.property.dsql.DsqlSelectMetaDataFieldProperty/>
                        <org.mule.common.metadata.field.property.dsql.DsqlWhereMetaDataFieldProperty/>
                        <org.mule.common.metadata.field.property.dsql.DsqlOrderMetaDataFieldProperty/>
                        <org.mule.common.metadata.field.property.dsql.DsqlQueryOperatorsMetaDataFieldProperty>
                          <supportedOperators>
                            <org.mule.common.query.expression.LessOperator/>
                            <org.mule.common.query.expression.LessOrEqualsOperator/>
                            <org.mule.common.query.expression.EqualsOperator/>
                            <org.mule.common.query.expression.GreaterOperator/>
                            <org.mule.common.query.expression.GreaterOrEqualsOperator/>
                            <org.mule.common.query.expression.NotEqualsOperator/>
                            <org.mule.common.query.expression.LikeOperator/>
                          </supportedOperators>
                        </org.mule.common.metadata.field.property.dsql.DsqlQueryOperatorsMetaDataFieldProperty>
                      </properties>
                    </metaDataFieldPropertyManager>
                  </org.mule.common.metadata.DefaultMetaDataField>
                  <org.mule.common.metadata.DefaultMetaDataField>
                    <name>type</name>
                    <model class="org.mule.common.metadata.DefaultSimpleMetaDataModel">
                      <dataType>STRING</dataType>
                      <metaDataModelPropertiesManager>
                        <properties/>
                      </metaDataModelPropertiesManager>
                    </model>
                    <accessType>READ_WRITE</accessType>
                    <metaDataFieldPropertyManager>
                      <properties>
                        <org.mule.common.metadata.field.property.dsql.DsqlSelectMetaDataFieldProperty/>
                        <org.mule.common.metadata.field.property.dsql.DsqlWhereMetaDataFieldProperty/>
                        <org.mule.common.metadata.field.property.dsql.DsqlOrderMetaDataFieldProperty/>
                        <org.mule.common.metadata.field.property.dsql.DsqlQueryOperatorsMetaDataFieldProperty>
                          <supportedOperators>
                            <org.mule.common.query.expression.LessOperator/>
                            <org.mule.common.query.expression.LessOrEqualsOperator/>
                            <org.mule.common.query.expression.EqualsOperator/>
                            <org.mule.common.query.expression.GreaterOperator/>
                            <org.mule.common.query.expression.GreaterOrEqualsOperator/>
                            <org.mule.common.query.expression.NotEqualsOperator/>
                            <org.mule.common.query.expression.LikeOperator/>
                          </supportedOperators>
                        </org.mule.common.metadata.field.property.dsql.DsqlQueryOperatorsMetaDataFieldProperty>
                      </properties>
                    </metaDataFieldPropertyManager>
                  </org.mule.common.metadata.DefaultMetaDataField>
                </fields>
              </model>
              <accessType>READ_WRITE</accessType>
              <metaDataFieldPropertyManager>
                <properties>
                  <org.mule.common.metadata.field.property.dsql.DsqlSelectMetaDataFieldProperty/>
                  <org.mule.common.metadata.field.property.dsql.DsqlWhereMetaDataFieldProperty/>
                  <org.mule.common.metadata.field.property.dsql.DsqlOrderMetaDataFieldProperty/>
                  <org.mule.common.metadata.field.property.dsql.DsqlQueryOperatorsMetaDataFieldProperty>
                    <supportedOperators/>
                  </org.mule.common.metadata.field.property.dsql.DsqlQueryOperatorsMetaDataFieldProperty>
                </properties>
              </metaDataFieldPropertyManager>
            </org.mule.common.metadata.DefaultMetaDataField>
            <org.mule.common.metadata.DefaultMetaDataField>
              <name>contexts</name>
              <model class="org.mule.common.metadata.DefaultListMetaDataModel">
                <dataType>LIST</dataType>
                <metaDataModelPropertiesManager>
                  <properties/>
                </metaDataModelPropertiesManager>
                <model class="org.mule.common.metadata.DefaultSimpleMetaDataModel">
                  <dataType>STRING</dataType>
                  <metaDataModelPropertiesManager>
                    <properties/>
                  </metaDataModelPropertiesManager>
                </model>
                <isArray>false</isArray>
              </model>
              <accessType>READ_WRITE</accessType>
              <metaDataFieldPropertyManager>
                <properties>
                  <org.mule.common.metadata.field.property.dsql.DsqlSelectMetaDataFieldProperty/>
                  <org.mule.common.metadata.field.property.dsql.DsqlWhereMetaDataFieldProperty/>
                  <org.mule.common.metadata.field.property.dsql.DsqlOrderMetaDataFieldProperty/>
                  <org.mule.common.metadata.field.property.dsql.DsqlQueryOperatorsMetaDataFieldProperty>
                    <supportedOperators/>
                  </org.mule.common.metadata.field.property.dsql.DsqlQueryOperatorsMetaDataFieldProperty>
                </properties>
              </metaDataFieldPropertyManager>
            </org.mule.common.metadata.DefaultMetaDataField>
            <org.mule.common.metadata.DefaultMetaDataField>
              <name>metadata</name>
              <model class="org.mule.common.metadata.DefaultStructuredMetadataModel">
                <dataType>JSON</dataType>
                <metaDataModelPropertiesManager>
                  <properties/>
                </metaDataModelPropertiesManager>
                <fields>
                  <org.mule.common.metadata.DefaultMetaDataField>
                    <name>intentId</name>
                    <model class="org.mule.common.metadata.DefaultSimpleMetaDataModel">
                      <dataType>STRING</dataType>
                      <metaDataModelPropertiesManager>
                        <properties/>
                      </metaDataModelPropertiesManager>
                    </model>
                    <accessType>READ_WRITE</accessType>
                    <metaDataFieldPropertyManager>
                      <properties>
                        <org.mule.common.metadata.field.property.dsql.DsqlSelectMetaDataFieldProperty/>
                        <org.mule.common.metadata.field.property.dsql.DsqlWhereMetaDataFieldProperty/>
                        <org.mule.common.metadata.field.property.dsql.DsqlOrderMetaDataFieldProperty/>
                        <org.mule.common.metadata.field.property.dsql.DsqlQueryOperatorsMetaDataFieldProperty>
                          <supportedOperators>
                            <org.mule.common.query.expression.LessOperator/>
                            <org.mule.common.query.expression.LessOrEqualsOperator/>
                            <org.mule.common.query.expression.EqualsOperator/>
                            <org.mule.common.query.expression.GreaterOperator/>
                            <org.mule.common.query.expression.GreaterOrEqualsOperator/>
                            <org.mule.common.query.expression.NotEqualsOperator/>
                            <org.mule.common.query.expression.LikeOperator/>
                          </supportedOperators>
                        </org.mule.common.metadata.field.property.dsql.DsqlQueryOperatorsMetaDataFieldProperty>
                      </properties>
                    </metaDataFieldPropertyManager>
                  </org.mule.common.metadata.DefaultMetaDataField>
                  <org.mule.common.metadata.DefaultMetaDataField>
                    <name>webhookUsed</name>
                    <model class="org.mule.common.metadata.DefaultSimpleMetaDataModel">
                      <dataType>STRING</dataType>
                      <metaDataModelPropertiesManager>
                        <properties/>
                      </metaDataModelPropertiesManager>
                    </model>
                    <accessType>READ_WRITE</accessType>
                    <metaDataFieldPropertyManager>
                      <properties>
                        <org.mule.common.metadata.field.property.dsql.DsqlSelectMetaDataFieldProperty/>
                        <org.mule.common.metadata.field.property.dsql.DsqlWhereMetaDataFieldProperty/>
                        <org.mule.common.metadata.field.property.dsql.DsqlOrderMetaDataFieldProperty/>
                        <org.mule.common.metadata.field.property.dsql.DsqlQueryOperatorsMetaDataFieldProperty>
                          <supportedOperators>
                            <org.mule.common.query.expression.LessOperator/>
                            <org.mule.common.query.expression.LessOrEqualsOperator/>
                            <org.mule.common.query.expression.EqualsOperator/>
                            <org.mule.common.query.expression.GreaterOperator/>
                            <org.mule.common.query.expression.GreaterOrEqualsOperator/>
                            <org.mule.common.query.expression.NotEqualsOperator/>
                            <org.mule.common.query.expression.LikeOperator/>
                          </supportedOperators>
                        </org.mule.common.metadata.field.property.dsql.DsqlQueryOperatorsMetaDataFieldProperty>
                      </properties>
                    </metaDataFieldPropertyManager>
                  </org.mule.common.metadata.DefaultMetaDataField>
                  <org.mule.common.metadata.DefaultMetaDataField>
                    <name>webhookForSlotFillingUsed</name>
                    <model class="org.mule.common.metadata.DefaultSimpleMetaDataModel">
                      <dataType>STRING</dataType>
                      <metaDataModelPropertiesManager>
                        <properties/>
                      </metaDataModelPropertiesManager>
                    </model>
                    <accessType>READ_WRITE</accessType>
                    <metaDataFieldPropertyManager>
                      <properties>
                        <org.mule.common.metadata.field.property.dsql.DsqlSelectMetaDataFieldProperty/>
                        <org.mule.common.metadata.field.property.dsql.DsqlWhereMetaDataFieldProperty/>
                        <org.mule.common.metadata.field.property.dsql.DsqlOrderMetaDataFieldProperty/>
                        <org.mule.common.metadata.field.property.dsql.DsqlQueryOperatorsMetaDataFieldProperty>
                          <supportedOperators>
                            <org.mule.common.query.expression.LessOperator/>
                            <org.mule.common.query.expression.LessOrEqualsOperator/>
                            <org.mule.common.query.expression.EqualsOperator/>
                            <org.mule.common.query.expression.GreaterOperator/>
                            <org.mule.common.query.expression.GreaterOrEqualsOperator/>
                            <org.mule.common.query.expression.NotEqualsOperator/>
                            <org.mule.common.query.expression.LikeOperator/>
                          </supportedOperators>
                        </org.mule.common.metadata.field.property.dsql.DsqlQueryOperatorsMetaDataFieldProperty>
                      </properties>
                    </metaDataFieldPropertyManager>
                  </org.mule.common.metadata.DefaultMetaDataField>
                  <org.mule.common.metadata.DefaultMetaDataField>
                    <name>intentName</name>
                    <model class="org.mule.common.metadata.DefaultSimpleMetaDataModel">
                      <dataType>STRING</dataType>
                      <metaDataModelPropertiesManager>
                        <properties/>
                      </metaDataModelPropertiesManager>
                    </model>
                    <accessType>READ_WRITE</accessType>
                    <metaDataFieldPropertyManager>
                      <properties>
                        <org.mule.common.metadata.field.property.dsql.DsqlSelectMetaDataFieldProperty/>
                        <org.mule.common.metadata.field.property.dsql.DsqlWhereMetaDataFieldProperty/>
                        <org.mule.common.metadata.field.property.dsql.DsqlOrderMetaDataFieldProperty/>
                        <org.mule.common.metadata.field.property.dsql.DsqlQueryOperatorsMetaDataFieldProperty>
                          <supportedOperators>
                            <org.mule.common.query.expression.LessOperator/>
                            <org.mule.common.query.expression.LessOrEqualsOperator/>
                            <org.mule.common.query.expression.EqualsOperator/>
                            <org.mule.common.query.expression.GreaterOperator/>
                            <org.mule.common.query.expression.GreaterOrEqualsOperator/>
                            <org.mule.common.query.expression.NotEqualsOperator/>
                            <org.mule.common.query.expression.LikeOperator/>
                          </supportedOperators>
                        </org.mule.common.metadata.field.property.dsql.DsqlQueryOperatorsMetaDataFieldProperty>
                      </properties>
                    </metaDataFieldPropertyManager>
                  </org.mule.common.metadata.DefaultMetaDataField>
                </fields>
              </model>
              <accessType>READ_WRITE</accessType>
              <metaDataFieldPropertyManager>
                <properties>
                  <org.mule.common.metadata.field.property.dsql.DsqlSelectMetaDataFieldProperty/>
                  <org.mule.common.metadata.field.property.dsql.DsqlWhereMetaDataFieldProperty/>
                  <org.mule.common.metadata.field.property.dsql.DsqlOrderMetaDataFieldProperty/>
                  <org.mule.common.metadata.field.property.dsql.DsqlQueryOperatorsMetaDataFieldProperty>
                    <supportedOperators/>
                  </org.mule.common.metadata.field.property.dsql.DsqlQueryOperatorsMetaDataFieldProperty>
                </properties>
              </metaDataFieldPropertyManager>
            </org.mule.common.metadata.DefaultMetaDataField>
            <org.mule.common.metadata.DefaultMetaDataField>
              <name>fulfillment</name>
              <model class="org.mule.common.metadata.DefaultStructuredMetadataModel">
                <dataType>JSON</dataType>
                <metaDataModelPropertiesManager>
                  <properties/>
                </metaDataModelPropertiesManager>
                <fields>
                  <org.mule.common.metadata.DefaultMetaDataField>
                    <name>speech</name>
                    <model class="org.mule.common.metadata.DefaultSimpleMetaDataModel">
                      <dataType>STRING</dataType>
                      <metaDataModelPropertiesManager>
                        <properties/>
                      </metaDataModelPropertiesManager>
                    </model>
                    <accessType>READ_WRITE</accessType>
                    <metaDataFieldPropertyManager>
                      <properties>
                        <org.mule.common.metadata.field.property.dsql.DsqlSelectMetaDataFieldProperty/>
                        <org.mule.common.metadata.field.property.dsql.DsqlWhereMetaDataFieldProperty/>
                        <org.mule.common.metadata.field.property.dsql.DsqlOrderMetaDataFieldProperty/>
                        <org.mule.common.metadata.field.property.dsql.DsqlQueryOperatorsMetaDataFieldProperty>
                          <supportedOperators>
                            <org.mule.common.query.expression.LessOperator/>
                            <org.mule.common.query.expression.LessOrEqualsOperator/>
                            <org.mule.common.query.expression.EqualsOperator/>
                            <org.mule.common.query.expression.GreaterOperator/>
                            <org.mule.common.query.expression.GreaterOrEqualsOperator/>
                            <org.mule.common.query.expression.NotEqualsOperator/>
                            <org.mule.common.query.expression.LikeOperator/>
                          </supportedOperators>
                        </org.mule.common.metadata.field.property.dsql.DsqlQueryOperatorsMetaDataFieldProperty>
                      </properties>
                    </metaDataFieldPropertyManager>
                  </org.mule.common.metadata.DefaultMetaDataField>
                  <org.mule.common.metadata.DefaultMetaDataField>
                    <name>messages</name>
                    <model class="org.mule.common.metadata.DefaultListMetaDataModel">
                      <dataType>LIST</dataType>
                      <metaDataModelPropertiesManager>
                        <properties/>
                      </metaDataModelPropertiesManager>
                      <model class="org.mule.common.metadata.DefaultStructuredMetadataModel">
                        <dataType>JSON</dataType>
                        <metaDataModelPropertiesManager>
                          <properties/>
                        </metaDataModelPropertiesManager>
                        <fields>
                          <org.mule.common.metadata.DefaultMetaDataField>
                            <name>type</name>
                            <model class="org.mule.common.metadata.DefaultSimpleMetaDataModel">
                              <dataType>INTEGER</dataType>
                              <metaDataModelPropertiesManager>
                                <properties/>
                              </metaDataModelPropertiesManager>
                            </model>
                            <accessType>READ_WRITE</accessType>
                            <metaDataFieldPropertyManager>
                              <properties>
                                <org.mule.common.metadata.field.property.dsql.DsqlSelectMetaDataFieldProperty/>
                                <org.mule.common.metadata.field.property.dsql.DsqlWhereMetaDataFieldProperty/>
                                <org.mule.common.metadata.field.property.dsql.DsqlOrderMetaDataFieldProperty/>
                                <org.mule.common.metadata.field.property.dsql.DsqlQueryOperatorsMetaDataFieldProperty>
                                  <supportedOperators>
                                    <org.mule.common.query.expression.LessOperator/>
                                    <org.mule.common.query.expression.LessOrEqualsOperator/>
                                    <org.mule.common.query.expression.EqualsOperator/>
                                    <org.mule.common.query.expression.GreaterOperator/>
                                    <org.mule.common.query.expression.GreaterOrEqualsOperator/>
                                    <org.mule.common.query.expression.NotEqualsOperator/>
                                  </supportedOperators>
                                </org.mule.common.metadata.field.property.dsql.DsqlQueryOperatorsMetaDataFieldProperty>
                              </properties>
                            </metaDataFieldPropertyManager>
                          </org.mule.common.metadata.DefaultMetaDataField>
                          <org.mule.common.metadata.DefaultMetaDataField>
                            <name>speech</name>
                            <model class="org.mule.common.metadata.DefaultSimpleMetaDataModel">
                              <dataType>STRING</dataType>
                              <metaDataModelPropertiesManager>
                                <properties/>
                              </metaDataModelPropertiesManager>
                            </model>
                            <accessType>READ_WRITE</accessType>
                            <metaDataFieldPropertyManager>
                              <properties>
                                <org.mule.common.metadata.field.property.dsql.DsqlSelectMetaDataFieldProperty/>
                                <org.mule.common.metadata.field.property.dsql.DsqlWhereMetaDataFieldProperty/>
                                <org.mule.common.metadata.field.property.dsql.DsqlOrderMetaDataFieldProperty/>
                                <org.mule.common.metadata.field.property.dsql.DsqlQueryOperatorsMetaDataFieldProperty>
                                  <supportedOperators>
                                    <org.mule.common.query.expression.LessOperator/>
                                    <org.mule.common.query.expression.LessOrEqualsOperator/>
                                    <org.mule.common.query.expression.EqualsOperator/>
                                    <org.mule.common.query.expression.GreaterOperator/>
                                    <org.mule.common.query.expression.GreaterOrEqualsOperator/>
                                    <org.mule.common.query.expression.NotEqualsOperator/>
                                    <org.mule.common.query.expression.LikeOperator/>
                                  </supportedOperators>
                                </org.mule.common.metadata.field.property.dsql.DsqlQueryOperatorsMetaDataFieldProperty>
                              </properties>
                            </metaDataFieldPropertyManager>
                          </org.mule.common.metadata.DefaultMetaDataField>
                        </fields>
                      </model>
                      <isArray>false</isArray>
                    </model>
                    <accessType>READ_WRITE</accessType>
                    <metaDataFieldPropertyManager>
                      <properties>
                        <org.mule.common.metadata.field.property.dsql.DsqlSelectMetaDataFieldProperty/>
                        <org.mule.common.metadata.field.property.dsql.DsqlWhereMetaDataFieldProperty/>
                        <org.mule.common.metadata.field.property.dsql.DsqlOrderMetaDataFieldProperty/>
                        <org.mule.common.metadata.field.property.dsql.DsqlQueryOperatorsMetaDataFieldProperty>
                          <supportedOperators/>
                        </org.mule.common.metadata.field.property.dsql.DsqlQueryOperatorsMetaDataFieldProperty>
                      </properties>
                    </metaDataFieldPropertyManager>
                  </org.mule.common.metadata.DefaultMetaDataField>
                </fields>
              </model>
              <accessType>READ_WRITE</accessType>
              <metaDataFieldPropertyManager>
                <properties>
                  <org.mule.common.metadata.field.property.dsql.DsqlSelectMetaDataFieldProperty/>
                  <org.mule.common.metadata.field.property.dsql.DsqlWhereMetaDataFieldProperty/>
                  <org.mule.common.metadata.field.property.dsql.DsqlOrderMetaDataFieldProperty/>
                  <org.mule.common.metadata.field.property.dsql.DsqlQueryOperatorsMetaDataFieldProperty>
                    <supportedOperators/>
                  </org.mule.common.metadata.field.property.dsql.DsqlQueryOperatorsMetaDataFieldProperty>
                </properties>
              </metaDataFieldPropertyManager>
            </org.mule.common.metadata.DefaultMetaDataField>
            <org.mule.common.metadata.DefaultMetaDataField>
              <name>score</name>
              <model class="org.mule.common.metadata.DefaultSimpleMetaDataModel">
                <dataType>INTEGER</dataType>
                <metaDataModelPropertiesManager>
                  <properties/>
                </metaDataModelPropertiesManager>
              </model>
              <accessType>READ_WRITE</accessType>
              <metaDataFieldPropertyManager>
                <properties>
                  <org.mule.common.metadata.field.property.dsql.DsqlSelectMetaDataFieldProperty/>
                  <org.mule.common.metadata.field.property.dsql.DsqlWhereMetaDataFieldProperty/>
                  <org.mule.common.metadata.field.property.dsql.DsqlOrderMetaDataFieldProperty/>
                  <org.mule.common.metadata.field.property.dsql.DsqlQueryOperatorsMetaDataFieldProperty>
                    <supportedOperators>
                      <org.mule.common.query.expression.LessOperator/>
                      <org.mule.common.query.expression.LessOrEqualsOperator/>
                      <org.mule.common.query.expression.EqualsOperator/>
                      <org.mule.common.query.expression.GreaterOperator/>
                      <org.mule.common.query.expression.GreaterOrEqualsOperator/>
                      <org.mule.common.query.expression.NotEqualsOperator/>
                    </supportedOperators>
                  </org.mule.common.metadata.field.property.dsql.DsqlQueryOperatorsMetaDataFieldProperty>
                </properties>
              </metaDataFieldPropertyManager>
            </org.mule.common.metadata.DefaultMetaDataField>
          </fields>
        </model>
        <accessType>READ_WRITE</accessType>
        <metaDataFieldPropertyManager>
          <properties>
            <org.mule.common.metadata.field.property.dsql.DsqlSelectMetaDataFieldProperty/>
            <org.mule.common.metadata.field.property.dsql.DsqlWhereMetaDataFieldProperty/>
            <org.mule.common.metadata.field.property.dsql.DsqlOrderMetaDataFieldProperty/>
            <org.mule.common.metadata.field.property.dsql.DsqlQueryOperatorsMetaDataFieldProperty>
              <supportedOperators/>
            </org.mule.common.metadata.field.property.dsql.DsqlQueryOperatorsMetaDataFieldProperty>
          </properties>
        </metaDataFieldPropertyManager>
      </org.mule.common.metadata.DefaultMetaDataField>
      <org.mule.common.metadata.DefaultMetaDataField>
        <name>status</name>
        <model class="org.mule.common.metadata.DefaultStructuredMetadataModel">
          <dataType>JSON</dataType>
          <metaDataModelPropertiesManager>
            <properties/>
          </metaDataModelPropertiesManager>
          <fields>
            <org.mule.common.metadata.DefaultMetaDataField>
              <name>code</name>
              <model class="org.mule.common.metadata.DefaultSimpleMetaDataModel">
                <dataType>INTEGER</dataType>
                <metaDataModelPropertiesManager>
                  <properties/>
                </metaDataModelPropertiesManager>
              </model>
              <accessType>READ_WRITE</accessType>
              <metaDataFieldPropertyManager>
                <properties>
                  <org.mule.common.metadata.field.property.dsql.DsqlSelectMetaDataFieldProperty/>
                  <org.mule.common.metadata.field.property.dsql.DsqlWhereMetaDataFieldProperty/>
                  <org.mule.common.metadata.field.property.dsql.DsqlOrderMetaDataFieldProperty/>
                  <org.mule.common.metadata.field.property.dsql.DsqlQueryOperatorsMetaDataFieldProperty>
                    <supportedOperators>
                      <org.mule.common.query.expression.LessOperator/>
                      <org.mule.common.query.expression.LessOrEqualsOperator/>
                      <org.mule.common.query.expression.EqualsOperator/>
                      <org.mule.common.query.expression.GreaterOperator/>
                      <org.mule.common.query.expression.GreaterOrEqualsOperator/>
                      <org.mule.common.query.expression.NotEqualsOperator/>
                    </supportedOperators>
                  </org.mule.common.metadata.field.property.dsql.DsqlQueryOperatorsMetaDataFieldProperty>
                </properties>
              </metaDataFieldPropertyManager>
            </org.mule.common.metadata.DefaultMetaDataField>
            <org.mule.common.metadata.DefaultMetaDataField>
              <name>errorType</name>
              <model class="org.mule.common.metadata.DefaultSimpleMetaDataModel">
                <dataType>STRING</dataType>
                <metaDataModelPropertiesManager>
                  <properties/>
                </metaDataModelPropertiesManager>
              </model>
              <accessType>READ_WRITE</accessType>
              <metaDataFieldPropertyManager>
                <properties>
                  <org.mule.common.metadata.field.property.dsql.DsqlSelectMetaDataFieldProperty/>
                  <org.mule.common.metadata.field.property.dsql.DsqlWhereMetaDataFieldProperty/>
                  <org.mule.common.metadata.field.property.dsql.DsqlOrderMetaDataFieldProperty/>
                  <org.mule.common.metadata.field.property.dsql.DsqlQueryOperatorsMetaDataFieldProperty>
                    <supportedOperators>
                      <org.mule.common.query.expression.LessOperator/>
                      <org.mule.common.query.expression.LessOrEqualsOperator/>
                      <org.mule.common.query.expression.EqualsOperator/>
                      <org.mule.common.query.expression.GreaterOperator/>
                      <org.mule.common.query.expression.GreaterOrEqualsOperator/>
                      <org.mule.common.query.expression.NotEqualsOperator/>
                      <org.mule.common.query.expression.LikeOperator/>
                    </supportedOperators>
                  </org.mule.common.metadata.field.property.dsql.DsqlQueryOperatorsMetaDataFieldProperty>
                </properties>
              </metaDataFieldPropertyManager>
            </org.mule.common.metadata.DefaultMetaDataField>
          </fields>
        </model>
        <accessType>READ_WRITE</accessType>
        <metaDataFieldPropertyManager>
          <properties>
            <org.mule.common.metadata.field.property.dsql.DsqlSelectMetaDataFieldProperty/>
            <org.mule.common.metadata.field.property.dsql.DsqlWhereMetaDataFieldProperty/>
            <org.mule.common.metadata.field.property.dsql.DsqlOrderMetaDataFieldProperty/>
            <org.mule.common.metadata.field.property.dsql.DsqlQueryOperatorsMetaDataFieldProperty>
              <supportedOperators/>
            </org.mule.common.metadata.field.property.dsql.DsqlQueryOperatorsMetaDataFieldProperty>
          </properties>
        </metaDataFieldPropertyManager>
      </org.mule.common.metadata.DefaultMetaDataField>
      <org.mule.common.metadata.DefaultMetaDataField>
        <name>sessionId</name>
        <model class="org.mule.common.metadata.DefaultSimpleMetaDataModel">
          <dataType>STRING</dataType>
          <metaDataModelPropertiesManager>
            <properties/>
          </metaDataModelPropertiesManager>
        </model>
        <accessType>READ_WRITE</accessType>
        <metaDataFieldPropertyManager>
          <properties>
            <org.mule.common.metadata.field.property.dsql.DsqlSelectMetaDataFieldProperty/>
            <org.mule.common.metadata.field.property.dsql.DsqlWhereMetaDataFieldProperty/>
            <org.mule.common.metadata.field.property.dsql.DsqlOrderMetaDataFieldProperty/>
            <org.mule.common.metadata.field.property.dsql.DsqlQueryOperatorsMetaDataFieldProperty>
              <supportedOperators>
                <org.mule.common.query.expression.LessOperator/>
                <org.mule.common.query.expression.LessOrEqualsOperator/>
                <org.mule.common.query.expression.EqualsOperator/>
                <org.mule.common.query.expression.GreaterOperator/>
                <org.mule.common.query.expression.GreaterOrEqualsOperator/>
                <org.mule.common.query.expression.NotEqualsOperator/>
                <org.mule.common.query.expression.LikeOperator/>
              </supportedOperators>
            </org.mule.common.metadata.field.property.dsql.DsqlQueryOperatorsMetaDataFieldProperty>
          </properties>
        </metaDataFieldPropertyManager>
      </org.mule.common.metadata.DefaultMetaDataField>
    </fields>
  </metadataModel>
</custom__type__definition>